conversation_id,questions_id,questions,answer,source
1,1,Google Cloud 的 N4A 虛擬機器有什麼特色？,"Google Cloud 的 N4A 虛擬機器特色如下：

*   **採用 Axion 處理器：** 是 Google Cloud 第二批採用 Axion 處理器的一般用途虛擬機器。
*   **高性價比：** 相較於 x86 架構虛擬機器，提供兩倍的性價比。
*   **高能源效率：** 每瓦效能領先幅度達到 80%。
*   **適用多種工作負載：** 包含微服務、容器化應用、資料庫、資料分析、AI應用等。
*   **效能提升：** 在不同應用系統中，相較於 x86 虛擬機器，效能提升幅度從 5% 到 205% 不等。
*   **硬體配備：** 搭配最新一代 Google Axion 處理器，內建 Arm Neoverse N3 平台運算核心，並整合動態資源管理及 Titanium 技術。",data_04.txt
1,2,它跟上一代的 C4A 有什麼不同？,根據提供的資料，N4A 是 Google Cloud 旗下第二批採用 Axion 處理器的一般用途虛擬機器，而資料中**沒有提及 C4A**，因此無法比較兩者的差異。,data_04.txt
1,3,那目前可以在哪些地區使用這個服務？,"目前N4A服務可用於以下地區：

*   us-central1（愛荷華州）
*   us-east4（北維吉尼亞州）
*   europe-west3（法蘭克福）
*   europe-west4（荷蘭）
*   us-east1（南卡羅萊納州）
*   us-west1（奧勒岡州）
*   asia-southeast1（新加坡）
*   europe-west1（比利時）
*   europe-west2（倫敦）",data_04.txt
2,1,最近去日本旅遊天氣要注意什麼？,日本最近天氣很冷，甚至下大雪，且正經歷第二波流感流行。可能會有強風、降雪甚至暴風雪，建議注意保暖並預防流感。,data_03.txt
2,2,那邊現在有流感疫情嗎？,日本目前有流感疫情，是第二波流感流行期。患者數連續3周增加，且A型H3和B型流感都有出現，B型流感占比明顯增加。,data_03.txt
2,3,東京的情況嚴重嗎？,根據資料，東京周邊縣份的流感病例數再次出現，且東京市內多個區域（八王子市、町田市、中野區、豐島區、北區、荒川區、江東區）都有流行趨勢，因此可以說東京的情況**有一定的嚴重性**。,data_03.txt
